scenario,iae,rms,peak_abs_error,final_abs_error,settling_time
baseline,1.3491911959900216,0.10814570100918085,0.5,9.99653748841034e-05,9.42
slow,3.8264808153422374,0.18690484339591407,0.5,0.02288353657463693,27.0
dead_zone,3.7320263918980023,0.15790667979944525,0.5,0.10003903140024528,27.0
saturated,2.361689635235115,0.15834990900957985,0.5,0.00026913699510355826,12.71
delay,3.1694815300425727,0.18186113402429807,0.5,0.009113266997617053,25.02
sensor_bias,2.389372657862032,0.10452057320866741,0.41589847141478087,0.0908115038237115,27.0
capacity_limit,4.55789523912829,0.17709659282272266,0.5,0.15384615384615374,27.0
