n_train,rmse,mae,r2,mean_relative_error
30.0,0.10991834801174571,0.056707349827431267,0.5817367147054959,4.34880661114397
60.0,0.06968725517672769,0.040105666244391845,0.8318812791368605,5.7634307524337585
120.0,0.04763445798904507,0.02572218220132303,0.9214489825113709,4.4541724777022225
240.0,0.03264849625634916,0.016438751868627418,0.9630992047965334,1.1360045092075624
480.0,0.02665847782494504,0.013794419195051859,0.9753974538597558,0.87830008928592
