model,rmse,mae,r2,mean_relative_error
linear,0.08319059047751878,0.04238952192087669,0.7943531649576413,1.42507213393014
quadratic,0.02700924713248936,0.013338401719946992,0.978323030152209,1.2423668212539445
random-features,0.08057554537373157,0.041873947233740785,0.8070787249254849,7.723454469975513
