case,u_mae,u_rmse,strain_mae,stress_mae,pde_residual_rms,traction_error
data_only,0.002304213148585137,0.003276700271746412,0.08531434567058462,0.10967258747783998,11.937646007372013,0.3705282251359011
physics_only,0.02506406935057623,0.028550600561173076,0.04912971751215047,0.061178070341921825,0.05787501054862206,0.052260202792505234
data_plus_physics_image_E,0.04906766958357373,0.05835384678842807,0.11565048995569602,0.14586958472645783,0.016545944105380704,0.1434329928796004
oracle_physics_true_E,2.1170698111488254e-05,2.4575527657804746e-05,4.340380911561061e-05,5.4706595131395805e-05,0.0013852320430836518,0.00015939754616353663
