load_case,true_Fx,true_Fy,true_Fxy,measured_Fx,measured_Fy,measured_Fxy
uniaxial_x_low,1.4986810069939251,0.19678225240444322,0.24805696204062896,1.4915269443303643,0.1944747388930159,0.24160990589107537
uniaxial_x_high,2.6643217902114293,0.3498351153856784,0.4409901547388954,2.6906503319646315,0.35332821225364464,0.4372454851086714
uniaxial_y,-0.09787239279019579,0.808842443314791,-0.008760001338716305,-0.09469731546390066,0.8151096637634866,-0.008378945986908559
biaxial,2.247594316333977,1.09343118452139,0.3747806050806107,2.205477013403915,1.081721721354162,0.3751851911293781
shear,0.18176518330878425,-0.018624249459801415,0.22371904211799723,0.17890990810171592,-0.018497575887495146,0.22533191979526496
gradient,2.436850043767298,0.9346130762791398,0.3514671856228912,2.413802951639514,0.9435030848323471,0.3513751340256378
