case,mae_deg,rmse_deg,median_deg,p95_deg,bias_deg,coverage
parallel-clean,0.15287435110326345,0.19366036319096444,0.12709875861233358,0.38109569757852507,-2.715298088940682e-07,0.7367350260416666
parallel-noisy,0.41553792643645443,0.5276461914717243,0.3430192099971741,1.0607364853379826,-0.007719397676174952,0.7594672309027778
curved,0.45907357249574354,0.5792052423455294,0.37847302140588435,1.1543775430485923,0.05266448813569389,0.7635091145833334
two-domains,0.6352489034737596,3.3636469178528974,0.2123917660047142,0.8523294976984817,0.028263837509938706,0.75274658203125
