modality,mean_angle_deg,resultant_length,kappa,tensor_anisotropy,entropy,n_effective,js_to_ground_truth,orientation_mae_deg,stiffness_index,stiffness_error_percent
ground_truth,32.823438,0.63484093,1.6599979,0.63484093,0.69259803,14139,0,0,2.7932469,0
sem_like_gradient,30.116706,0.8240467,3.1892551,0.8240467,0.74890437,12528.196,0.17079161,21.156996,3.4663188,24.096397
polarization_like_map,35.363892,0.5428055,1.2950184,0.5428055,0.83757363,13485.317,0.060075693,9.1888706,2.4439242,-12.505974
segmented_mask,67.628305,0.2412099,0.49713438,0.2412099,0.82794839,22586,0.17301583,35.076956,1.1397731,-59.195403
