case,force_true_xx,force_true_yy,force_true_xy,force_observed_xx,force_observed_yy,force_observed_xy
uniaxial_x,3.264417848778004,0.5574438352631393,0.6244623894278202,3.208830351346563,0.5486674175548572,0.6139224118417898
uniaxial_y,0.13200313794961333,0.8939306263382989,0.06775489317851953,0.13364338811507198,0.9090902059756885,0.06626385945257444
simple_shear,0.9683381007132302,0.24696212237717832,0.7823340256333859,0.9654912405146668,0.2503712110776488,0.7869898185131498
biaxial,2.776646585966542,1.1444217778982377,0.6731905970143246,2.7970043699303924,1.14335203900201,0.6733997216578678
