scenario,relative_parameter_error,relative_force_residual,condition_number,matrix_base_true,matrix_base_estimated,density_gain_true,density_gain_estimated,fiber_scale_true,fiber_scale_estimated,connectivity_scale_true,connectivity_scale_estimated
oracle_ground_truth,0.9603988556513006,0.01071262069322906,1718.3801213335933,18.0,33.33953183059016,24.0,6.796936947391107e-14,150.0,61.64930427347861,68.0,199.26780658318927
sem_only,0.702318291169518,0.42574335494107934,1333.1647554455833,18.0,6.796530401193338e-11,24.0,14.280085852243579,150.0,243.70372880333517,68.0,4.9855423902032985e-14
polarization_only,1.290269105538777,0.022316200410853623,1404.278008390652,18.0,33.29358654301933,24.0,6.565079491523655e-18,150.0,5.314938358240808e-23,68.0,220.78842720318696
multimodal_fusion,0.904767809917961,0.16412736382891743,1278.445916727091,18.0,1.3417879519546193e-07,24.0,1.755663960490497e-10,150.0,281.9718933560492,68.0,1.5458069222848828e-34
