index,singular_value,condition_number
1,0.21806539621938945,7209.681074503822
2,0.029750157077063563,7209.681074503822
3,0.00982918771745062,7209.681074503822
4,3.0246191747725392e-05,7209.681074503822
