method,orientation_mae_deg,coherence_mean
sem_structure_tensor,42.49475065448334,0.7413506809962067
fluorescence_structure_tensor,47.21632262927331,0.7282329442465207
polarization_harmonic_like,3.2276884612365837,0.5205741736762654
sem_plus_polarization_fusion,25.792254728764256,0.7024604343901727
