method,dice,iou,precision,recall,area_error,continuity
sem_global,0.7491849597913497,0.5989574283231972,0.8549107142857143,0.6667311411992263,0.22011605415860733,0.5257936507936508
sem_otsu,0.7952823691460055,0.6601400600257253,0.7165684145206329,0.8934235976789169,0.24680851063829795,0.9816940738442445
sem_adaptive,0.7247091303490436,0.5682696768207824,0.7391391794046661,0.7108317214700194,0.03829787234042544,0.9728479485116653
fluorescence_otsu,0.563598615916955,0.39236847176719986,0.9907542579075426,0.39381044487427463,0.602514506769826,0.3343065693430657
polarization_otsu,0.5102098695405559,0.3424709689701123,0.9558979808714134,0.34796905222437136,0.6359767891682786,0.33953241232731135
multimodal_fusion,0.7586909980630033,0.6112023653088042,0.8021125242509162,0.7197292069632495,0.10270793036750488,0.9749946109075232
