step,n_selected,rmse,r2
0.0,35.0,0.10892478997334992,0.6269329389048486
1.0,60.0,0.08549104985916965,0.7701869194610246
2.0,85.0,0.11994920995480278,0.5475941342927684
3.0,110.0,0.05342699858089178,0.9102457550723863
4.0,135.0,0.03967089605037924,0.9505145568746404
5.0,160.0,0.03326649950523851,0.965202531364312
6.0,185.0,0.03219533749247799,0.967407369918847
7.0,210.0,0.03172914054400026,0.9683444356601437
